{"cameraMode":{"drawMode":0,"name":"Shaded","section":"Shading Mode"},"sceneLighting":true,"audioPlay":false,"sceneViewState":{"showFog":true,"showMaterialUpdate":true,"showSkybox":true,"showFlares":true,"showImageEffects":true,"showParticleSystems":true},"in2DMode":false,"pivot":{"x":343.9969177246094,"y":120.93140411376953,"z":-22.68170166015625},"rotation":{"x":0.07761101424694061,"y":0.12559476494789124,"z":-0.00984260905534029,"w":0.9890282154083252},"size":269.4676818847656,"orthographic":false}