{"cameraMode":{"drawMode":0,"name":"Shaded","section":"Shading Mode"},"sceneLighting":true,"audioPlay":false,"sceneViewState":{"showFog":true,"showMaterialUpdate":true,"showSkybox":true,"showFlares":true,"showImageEffects":true,"showParticleSystems":true},"in2DMode":false,"pivot":{"x":319.210693359375,"y":124.12712860107422,"z":-16.40618896484375},"rotation":{"x":0.07484926283359528,"y":0.10184767842292786,"z":-0.007671729661524296,"w":0.9919865131378174},"size":269.4676818847656,"orthographic":false}